use arrowdb;

INSERT INTO `archer` (`id`, `name`, `dob`, `country`)
VALUES
	(1,'Robin Hood','1960-01-01','England'),
	(2,'Legolas','1991-06-10','Mirkwood'),
	(3,'William Tell','1980-02-07','Switzerland'),
	(4,'Katniss Everdeen','2001-02-03','USA'),
	(5,'Peach Schnapps','1985-02-11','Germany'),
	(6,'Sagittarius','1981-11-22','Greece'),
	(7,'Link','2002-08-11','Hyrule'),
	(8,'Cupid','1997-03-23','Italy');


INSERT INTO `tournament` (`id`, `venue`, `datetime_start`, `datetime_end`, `location`, `type`, `arrows`)
VALUES
	(1,'The Benedict Cumberswatch, O2 Arena','2017-11-14 18:00:00','2017-11-14 20:00:00','London','Royal Half Portsmouth',30),
	(2, 'The Inaugural Infinity Works Arhcery Tournament, Apsley House', '2017-11-24 18:00:00', '2017-11-24 23:59:59', 'Leeds', 'Royal Half Portsmouth',30);


INSERT INTO `tournament_archer` (`tournament_id`, `archer_id`, `predictabool`)
VALUES
	(1,1,0),
	(1,2,0),
	(1,3,1),
	(1,4,1),
	(1,5,1),
	(1,6,0),
	(1,7,0),
	(1,8,0),
	(2,1,0),
	(2,2,0),
	(2,3,1),
	(2,4,1),
	(2,5,1),
	(2,6,0),
	(2,7,0),
	(2,8,0);


INSERT INTO `arrow` (`id`, `archer`, `tournament`, `arrow`, `score`, `spider`)
VALUES

(101,1,1,1,6,0),
(102,1,1,2,2,0),
(103,1,1,3,5,0),
(104,1,1,4,1,0),
(105,1,1,5,5,0),
(106,1,1,6,6,0),
(107,1,1,7,3,0),
(108,1,1,8,3,0),
(109,1,1,9,0,0),
(110,1,1,10,8,0),
(111,1,1,11,5,0),
(112,1,1,12,7,0),
(113,1,1,13,3,0),
(114,1,1,14,7,0),
(115,1,1,15,5,0),
(116,1,1,16,5,0),
(117,1,1,17,2,0),
(118,1,1,18,8,0),
(119,1,1,19,0,0),
(120,1,1,20,5,0),
(121,1,1,21,1,0),
(122,1,1,22,7,0),
(123,1,1,23,3,0),
(124,1,1,24,5,0),
(125,1,1,25,7,0),
(126,1,1,26,7,0),
(127,1,1,27,6,0),
(128,1,1,28,9,0),
(129,1,1,29,0,0),
(130,1,1,30,8,0),
(201,2,1,1,10,1),
(202,2,1,2,6,0),
(203,2,1,3,5,0),
(204,2,1,4,5,0),
(205,2,1,5,6,0),
(206,2,1,6,3,0),
(207,2,1,7,10,1),
(208,2,1,8,7,0),
(209,2,1,9,1,0),
(210,2,1,10,10,0),
(211,2,1,11,4,0),
(212,2,1,12,8,0),
(213,2,1,13,7,0),
(214,2,1,14,7,0),
(215,2,1,15,6,0),
(216,2,1,16,0,0),
(217,2,1,17,4,0),
(218,2,1,18,4,0),
(219,2,1,19,3,0),
(220,2,1,20,8,0),
(221,2,1,21,7,0),
(222,2,1,22,8,0),
(223,2,1,23,5,0),
(224,2,1,24,6,0),
(225,2,1,25,3,0),
(226,2,1,26,10,0),
(227,2,1,27,2,0),
(228,2,1,28,10,0),
(229,2,1,29,1,0),
(230,2,1,30,4,0),
(301,3,1,1,1,0),
(302,3,1,2,4,0),
(303,3,1,3,5,0),
(304,3,1,4,0,0),
(305,3,1,5,3,0),
(306,3,1,6,1,0),
(307,3,1,7,4,0),
(308,3,1,8,1,0),
(309,3,1,9,3,0),
(310,3,1,10,9,0),
(311,3,1,11,7,0),
(312,3,1,12,6,0),
(313,3,1,13,8,0),
(314,3,1,14,2,0),
(315,3,1,15,2,0),
(316,3,1,16,0,0),
(317,3,1,17,8,0),
(318,3,1,18,2,0),
(319,3,1,19,8,0),
(320,3,1,20,5,0),
(321,3,1,21,8,0),
(322,3,1,22,5,0),
(323,3,1,23,1,0),
(324,3,1,24,6,0),
(325,3,1,25,8,0),
(326,3,1,26,1,0),
(327,3,1,27,1,0),
(328,3,1,28,5,0),
(329,3,1,29,2,0),
(330,3,1,30,3,0),
(401,4,1,1,3,0),
(402,4,1,2,1,0),
(403,4,1,3,1,0),
(404,4,1,4,4,0),
(405,4,1,5,3,0),
(406,4,1,6,1,0),
(407,4,1,7,3,0),
(408,4,1,8,8,0),
(409,4,1,9,8,0),
(410,4,1,10,2,0),
(411,4,1,11,4,0),
(412,4,1,12,6,0),
(413,4,1,13,4,0),
(414,4,1,14,4,0),
(415,4,1,15,6,0),
(416,4,1,16,4,0),
(417,4,1,17,9,0),
(418,4,1,18,8,0),
(419,4,1,19,4,0),
(420,4,1,20,9,0),
(421,4,1,21,10,0),
(422,4,1,22,6,0),
(423,4,1,23,10,1),
(424,4,1,24,7,0),
(425,4,1,25,3,0),
(426,4,1,26,1,0),
(427,4,1,27,2,0),
(428,4,1,28,9,0),
(429,4,1,29,4,0),
(430,4,1,30,3,0),
(501,5,1,1,3,0),
(502,5,1,2,7,0),
(503,5,1,3,5,0),
(504,5,1,4,8,0),
(505,5,1,5,3,0),
(506,5,1,6,1,0),
(507,5,1,7,2,0),
(508,5,1,8,3,0),
(509,5,1,9,4,0),
(510,5,1,10,6,0),
(511,5,1,11,3,0),
(512,5,1,12,8,0),
(513,5,1,13,4,0),
(514,5,1,14,7,0),
(515,5,1,15,1,0),
(516,5,1,16,9,0),
(517,5,1,17,3,0),
(518,5,1,18,7,0),
(519,5,1,19,9,0),
(520,5,1,20,6,0),
(521,5,1,21,7,0),
(522,5,1,22,2,0),
(523,5,1,23,2,0),
(524,5,1,24,9,0),
(525,5,1,25,6,0),
(526,5,1,26,4,0),
(527,5,1,27,7,0),
(528,5,1,28,5,0),
(529,5,1,29,6,0),
(530,5,1,30,4,0),
(601,6,1,1,10,0),
(602,6,1,2,2,0),
(603,6,1,3,8,0),
(604,6,1,4,2,0),
(605,6,1,5,2,0),
(606,6,1,6,8,0),
(607,6,1,7,7,0),
(608,6,1,8,7,0),
(609,6,1,9,8,0),
(610,6,1,10,1,0),
(611,6,1,11,3,0),
(612,6,1,12,10,1),
(613,6,1,13,1,0),
(614,6,1,14,8,0),
(615,6,1,15,7,0),
(616,6,1,16,3,0),
(617,6,1,17,3,0),
(618,6,1,18,7,0),
(619,6,1,19,1,0),
(620,6,1,20,6,0),
(621,6,1,21,9,0),
(622,6,1,22,5,0),
(623,6,1,23,9,0),
(624,6,1,24,0,0),
(625,6,1,25,1,0),
(626,6,1,26,7,0),
(627,6,1,27,5,0),
(628,6,1,28,5,0),
(629,6,1,29,1,0),
(630,6,1,30,8,0),
(701,7,1,1,7,0),
(702,7,1,2,8,0),
(703,7,1,3,1,0),
(704,7,1,4,9,0),
(705,7,1,5,4,0),
(706,7,1,6,10,1),
(707,7,1,7,2,0),
(708,7,1,8,9,0),
(709,7,1,9,2,0),
(710,7,1,10,5,0),
(711,7,1,11,9,0),
(712,7,1,12,8,0),
(713,7,1,13,3,0),
(714,7,1,14,0,0),
(715,7,1,15,4,0),
(716,7,1,16,6,0),
(717,7,1,17,2,0),
(718,7,1,18,4,0),
(719,7,1,19,2,0),
(720,7,1,20,2,0),
(721,7,1,21,0,0),
(722,7,1,22,10,1),
(723,7,1,23,5,0),
(724,7,1,24,5,0),
(725,7,1,25,8,0),
(726,7,1,26,9,0),
(727,7,1,27,0,0),
(728,7,1,28,4,0),
(729,7,1,29,1,0),
(730,7,1,30,9,0),
(801,8,1,1,10,1),
(802,8,1,2,5,0),
(803,8,1,3,7,0),
(804,8,1,4,3,0),
(805,8,1,5,8,0),
(806,8,1,6,9,0),
(807,8,1,7,4,0),
(808,8,1,8,7,0),
(809,8,1,9,9,0),
(810,8,1,10,10,0),
(811,8,1,11,6,0),
(812,8,1,12,0,0),
(813,8,1,13,7,0),
(814,8,1,14,4,0),
(815,8,1,15,9,0),
(816,8,1,16,0,0),
(817,8,1,17,9,0),
(818,8,1,18,3,0),
(819,8,1,19,4,0),
(820,8,1,20,9,0),
(821,8,1,21,9,0),
(822,8,1,22,1,0),
(823,8,1,23,5,0),
(824,8,1,24,4,0),
(825,8,1,25,4,0),
(826,8,1,26,3,0),
(827,8,1,27,2,0),
(828,8,1,28,0,0),
(829,8,1,29,2,0),
(830,8,1,30,1,0);

INSERT INTO `player` (`name`, `email`, `password`)
VALUES
	('Player 1', 'player1@one.one', '$2a$10$Olb6QEWU0DR3HRnxoyaVlujw73JSn45THGkHSpHSde90MHZaKTg2S'),
	('Biscuit Von Cheese', 'BVC@one.one', '$2a$10$Olb6QEWU0DR3HRnxoyaVlujw73JSn45THGkHSpHSde90MHZaKTg2S'),
	('Pedalo Hippo', 'ph@one.one', '$2a$10$Olb6QEWU0DR3HRnxoyaVlujw73JSn45THGkHSpHSde90MHZaKTg2S'),
	('Ben for POTUS', 'bfp@bfp.bfp', '$2a$10$Olb6QEWU0DR3HRnxoyaVlujw73JSn45THGkHSpHSde90MHZaKTg2S'),
	('Player McPlayerface', 'player@mcplayface.com', '$2a$10$Olb6QEWU0DR3HRnxoyaVlujw73JSn45THGkHSpHSde90MHZaKTg2S');

INSERT INTO `prediction` (`player`, `tournament`, `archer`, `pred_score`)
VALUES
	(1, 1, 3, 157),
	(1, 1, 4, 201),
	(1, 1, 5, 196),
	(2, 1, 3, 144),
	(2, 1, 4, 223),
	(2, 1, 5, 98),
	(3, 1, 3, 87),
	(3, 1, 4, 113),
	(3, 1, 5, 234),
	(4, 1, 3, 110),
	(4, 1, 4, 125),
	(4, 1, 5, 204),
	(5, 1, 3, 100),
	(5, 1, 4, 246),
	(5, 1, 5, 131);